date,time,client_id,first_name,last_name,invoice_amount,payment_method
7/3/2019,3:58 PM,75397,Tiler,Beldom,77.51,iDeal
3/14/2020,3:53 PM,78730,Dorie,Batrick,42.71,PayPal
8/3/2019,6:36 AM,17665,Paulie,Gotling,144.79,PayPal
10/19/2019,9:52 PM,12492,Carmen,Denys,104.53,PayPal
9/18/2019,10:10 PM,81826,Heall,Heale,63.86,Mastercard
7/26/2019,3:16 AM,79367,Hagen,Awde,59.79,iDeal
5/5/2020,7:04 AM,58409,Caddric,Bowhey,134.79,PayPal
4/1/2020,10:35 AM,32745,Roman,Dearle,96.17,Visa
11/13/2019,7:45 AM,28967,Isaiah,McCabe,26.87,PayPal
6/24/2019,6:39 PM,80692,Edita,Brandom,151.08,PayPal
8/12/2019,2:44 PM,36746,Ynez,Bordessa,194.66,iDeal
3/21/2020,6:59 AM,50238,Malorie,Goold,130.38,PayPal
7/9/2019,9:32 PM,45930,Ethelind,Caldecourt,92.0,Mastercard
10/11/2019,6:10 AM,19912,Prince,Taudevin,56.84,PayPal
5/11/2019,3:38 AM,83504,Sherwin,Linsey,194.22,Visa
1/28/2020,7:50 AM,10857,Deanna,Robbings,126.0,Visa
11/12/2019,3:35 AM,39846,Janetta,Eaddy,38.74,Visa
3/25/2020,6:59 PM,57253,Tessie,Paulon,59.47,iDeal
7/13/2019,2:13 AM,61133,Marcella,Thridgould,97.72,Mastercard
5/21/2019,12:46 PM,94823,Chas,Karsh,67.71,PayPal
12/1/2019,10:26 PM,78041,Rea,De Anesy,180.71,iDeal
7/17/2019,1:59 AM,17409,Genna,Harg,173.31,PayPal
6/18/2019,5:18 PM,24742,Rustie,Skupinski,79.93,iDeal
7/22/2019,6:36 PM,31649,Olag,Leggin,97.14,Visa
2/27/2020,2:10 PM,15644,Randal,Fevers,55.69,Visa
12/31/2019,5:36 PM,65466,Myriam,Fredson,133.92,PayPal
5/21/2019,9:26 AM,43808,Charlean,Samwell,146.27,Mastercard
2/21/2020,12:29 AM,74796,Amalle,McQuirter,66.91,Mastercard
5/18/2019,11:06 PM,71163,Esteban,Guislin,114.99,iDeal
7/8/2019,2:45 AM,72968,Sheffie,Rissen,39.25,PayPal
5/24/2019,5:20 PM,42896,Maren,Lismer,188.73,iDeal
7/18/2019,9:26 AM,84268,Delphine,Ferry,55.11,PayPal
10/17/2019,4:08 AM,83557,Cyb,Jammet,168.35,PayPal
1/11/2020,12:04 PM,35589,Ingelbert,Stook,132.77,iDeal
5/17/2019,6:07 AM,12425,Tomasine,De Vries,71.53,Visa
4/1/2020,7:39 PM,97458,Yves,Cocker,24.97,PayPal
3/31/2020,6:15 PM,20854,Pincas,Scamaden,191.28,PayPal
8/8/2019,8:40 PM,40471,Brear,Juorio,144.81,Mastercard
8/24/2019,2:45 PM,90012,Eyde,Mussalli,187.64,Visa
8/17/2019,6:26 PM,11308,Emmett,Preshaw,25.28,Mastercard
8/30/2019,3:14 AM,55871,Roda,Heinle,155.08,iDeal
7/1/2019,11:55 AM,72676,Lynna,Accombe,1.57,iDeal
11/3/2019,11:30 PM,93277,Tybalt,Smitheram,6.4,iDeal
8/19/2019,2:51 PM,36086,Pepi,Shapero,136.87,Visa
8/11/2019,1:44 AM,75497,Caria,Hobbing,98.12,iDeal
10/23/2019,9:05 PM,94431,Pier,Pyffe,140.74,iDeal
7/15/2019,11:00 AM,33161,Gaby,Lamboll,180.15,iDeal
2/27/2020,4:03 AM,35087,Gertruda,Puffett,65.66,iDeal
9/9/2019,2:28 AM,73444,Scotti,Cleever,1.74,Mastercard
7/2/2019,5:37 PM,21224,Bay,Jewer,67.78,Visa
5/2/2020,9:09 PM,28551,Fayth,Besque,47.69,Visa
9/4/2019,12:46 AM,50114,Nettie,Joney,117.85,PayPal
7/17/2019,4:21 PM,85489,Adrianna,Alberti,158.41,Visa
9/15/2019,8:09 AM,21583,Fanni,Flacknell,193.18,iDeal
7/7/2019,11:01 PM,89429,Marcy,Behneke,138.82,Mastercard
2/24/2020,7:55 PM,14748,Daile,Kennington,19.14,Visa
9/12/2019,8:45 AM,35916,Danila,Gudgeon,70.25,PayPal
2/25/2020,9:13 AM,42047,Emma,Dowe,117.65,PayPal
4/24/2020,12:26 PM,87287,Far,Shulver,127.57,PayPal
8/12/2019,2:56 AM,27828,Betty,Layhe,110.49,Mastercard
6/11/2019,12:00 PM,46905,Darbie,Alywen,19.6,Mastercard
12/26/2019,6:28 AM,51886,Royal,Broske,92.47,iDeal
8/29/2019,9:48 AM,50708,Dorry,Cubuzzi,192.89,PayPal
9/3/2019,3:38 PM,76915,Iain,Kuhnwald,155.99,PayPal
12/3/2019,3:32 AM,74401,Kim,Norville,95.88,Visa
4/19/2020,12:36 AM,36909,Wallace,Stolli,86.83,Mastercard
2/20/2020,8:07 PM,93778,Linnell,Ravillas,9.8,Mastercard
1/4/2020,10:58 AM,24130,Marleen,Moysey,97.26,Mastercard
12/27/2019,1:12 PM,23641,Codie,Bossons,195.49,PayPal
11/2/2019,3:49 PM,68611,Murdoch,Gumery,198.7,Mastercard
8/13/2019,10:58 AM,48136,Gilbert,Paffot,37.45,Visa
10/10/2019,3:37 PM,78276,Phillip,Shovell,69.94,Mastercard
4/16/2020,3:36 AM,64441,Ward,Dreng,166.16,PayPal
8/1/2019,11:01 AM,45396,Fredra,Dugall,85.72,PayPal
9/4/2019,4:32 AM,20075,Hastie,Radbourn,7.07,Visa
7/9/2019,6:11 AM,83576,Lou,Gleadle,41.12,iDeal
9/17/2019,9:15 PM,98478,Marshal,Bernolet,191.49,Visa
3/9/2020,3:10 PM,37066,Humfrey,Tubble,42.08,PayPal
4/20/2020,6:00 PM,12643,Jacquie,Freckelton,97.54,iDeal
11/23/2019,7:28 AM,22889,Johnnie,Maingot,170.69,Visa
4/12/2020,12:13 AM,91211,Conny,Izak,99.56,PayPal
4/28/2020,6:29 PM,98583,Riccardo,Rich,105.99,iDeal
4/11/2020,2:07 PM,76825,Gracie,Dainton,166.8,iDeal
10/8/2019,7:00 AM,13033,Margarita,Euplate,109.86,iDeal
3/22/2020,7:17 PM,59924,Kristian,Medcraft,120.49,Visa
10/4/2019,4:23 AM,14035,Bronny,Thake,181.81,Mastercard
10/29/2019,8:37 PM,88756,Kevan,Leyburn,51.98,Visa
10/18/2019,10:52 PM,48899,Malinda,Dei,1.04,PayPal
8/14/2019,1:26 PM,81610,Kristan,Marchi,24.43,iDeal
9/8/2019,5:40 AM,53764,Deidre,Ahrend,40.26,Visa
5/8/2019,3:45 AM,38409,Simone,Yezafovich,23.15,PayPal
11/8/2019,12:42 AM,13298,Kristal,Hasney,168.16,PayPal
7/17/2019,3:58 PM,13629,Lorilyn,Iannini,50.4,Visa
4/2/2020,5:38 AM,72175,Carmella,Jiruch,,
10/19/2019,7:33 AM,27061,Trace,Taysbil,182.07,Visa
11/26/2019,12:09 AM,86036,Adeline,Hansemann,81.94,Visa
7/10/2019,7:57 AM,78719,Suzie,Grasser,198.78,iDeal
11/26/2019,7:05 PM,95918,Harley,Saggs,4.52,PayPal
9/5/2019,6:21 AM,15118,Kinnie,Feathersby,58.39,Visa
7/27/2019,1:00 AM,29544,Jacynth,Gwin,16.21,Visa
9/30/2019,4:03 PM,68315,Natal,Stivens,1.12,Visa
9/12/2019,1:18 PM,13879,Muffin,Cassella,56.53,PayPal
9/30/2019,11:07 PM,90692,Diarmid,Gulley,194.64,PayPal
7/31/2019,5:41 PM,43592,Allegra,Scarce,197.62,Visa
8/19/2019,11:45 AM,96524,Lavinia,Swigg,133.8,iDeal
12/8/2019,5:55 PM,44787,Cullin,Belchem,198.66,iDeal
6/30/2019,11:09 AM,41596,Lorens,Kilshaw,70.54,iDeal
11/13/2019,11:32 AM,80458,Avivah,Killgus,119.7,iDeal
9/27/2019,12:23 PM,61365,Sydelle,Morrel,42.47,PayPal
11/17/2019,2:02 AM,29348,Arnie,Sturt,,
7/25/2019,11:08 AM,61175,Daveta,Allbrook,68.96,Visa
11/22/2019,4:34 AM,80767,Louise,Gaggen,62.7,Mastercard
3/23/2020,7:28 AM,59093,Isidore,Maffia,175.3,PayPal
12/2/2019,12:26 AM,17245,Gustavus,Voller,110.4,Mastercard
1/23/2020,2:24 AM,17401,Truman,Fairbourn,27.12,PayPal
12/1/2019,8:30 PM,64296,Rhys,Cornillot,16.4,PayPal
6/6/2019,5:37 PM,41754,Sterne,O'Scully,17.19,Mastercard
7/17/2019,3:08 PM,20370,Giraldo,Radleigh,131.6,Mastercard
8/22/2019,4:49 AM,30131,Benedick,Yegorev,20.0,Visa
6/16/2019,5:57 AM,65827,Camille,Roney,23.98,PayPal
2/20/2020,7:53 PM,72192,Panchito,Sancraft,192.99,Mastercard
7/14/2019,3:37 PM,29771,Marleah,Derrick,199.39,PayPal
1/7/2020,3:54 PM,58662,Lazar,Sarfat,121.95,Visa
7/9/2019,5:57 AM,12031,Shawna,Bestall,30.72,PayPal
12/7/2019,12:14 AM,67615,Sancho,Clemensen,168.64,iDeal
5/13/2019,7:02 PM,43726,Felicity,Lannon,112.14,iDeal
2/20/2020,11:20 PM,29478,Bobbe,Merricks,33.93,PayPal
1/27/2020,4:53 PM,78422,Cosme,Petrushanko,8.54,PayPal
3/11/2020,7:58 PM,58641,Quintin,Paschke,29.3,Visa
8/30/2019,9:52 PM,51711,Efren,Treen,141.05,PayPal
1/5/2020,6:47 AM,13707,Mozes,Osban,123.16,PayPal
4/22/2020,1:01 AM,80631,Danny,Helm,169.19,Mastercard
6/25/2019,12:34 PM,21196,Clay,Tembridge,,
7/10/2019,11:11 PM,69333,Arleyne,Reedick,80.12,PayPal
1/30/2020,5:12 PM,80731,Rabbi,Grayham,158.85,PayPal
9/23/2019,6:05 AM,72027,Freddy,Gilbard,153.56,PayPal
2/20/2020,1:10 PM,50599,Mia,Baumert,188.61,Mastercard
3/7/2020,1:11 AM,61424,Shaylynn,Kitter,40.14,Mastercard
1/23/2020,1:02 AM,45213,Gunar,Randals,72.64,Mastercard
7/7/2019,4:43 PM,78108,Matthias,Woofenden,110.77,Mastercard
7/3/2019,3:20 AM,76391,Smitty,Cansdale,29.25,Mastercard
6/12/2019,1:26 AM,28749,Eduard,Winchcombe,54.38,PayPal
1/21/2020,11:04 PM,90040,Gwennie,Gerred,67.91,Mastercard
1/13/2020,3:07 PM,82056,Cesar,Allott,49.94,Visa
5/12/2019,2:24 PM,86151,Christopher,Springer,176.49,Mastercard
5/30/2019,6:39 AM,92411,Lorettalorna,Creebo,177.48,PayPal
4/13/2020,3:18 PM,61964,Nyssa,Hardi,88.54,PayPal
12/19/2019,9:53 PM,19067,Daffi,Ausello,153.68,Mastercard
11/12/2019,3:06 AM,90854,Kali,Matthai,168.11,Mastercard
10/28/2019,6:46 PM,35153,Rafaelia,Doles,65.19,Mastercard
10/18/2019,7:01 AM,69290,Kelcy,Chorley,113.01,Visa
8/14/2019,9:15 PM,61525,Kerianne,Flobert,97.53,Visa
10/27/2019,11:25 PM,48274,Hadlee,Plumm,94.58,Visa
9/1/2019,10:26 PM,19979,Renelle,Dossetter,43.2,Visa
12/8/2019,12:38 AM,80868,Othilie,Deveraux,106.96,iDeal
1/17/2020,11:12 PM,22747,Pet,Penny,47.65,PayPal
7/13/2019,9:54 PM,59201,Liliane,Aberkirdo,61.2,iDeal
10/15/2019,4:59 PM,15315,Darren,Hovington,3.97,Mastercard
6/28/2019,1:27 PM,19324,Kennie,Goering,16.75,iDeal
7/5/2019,10:57 AM,61392,Travers,Adne,115.47,iDeal
7/24/2019,8:34 PM,62369,Evelina,Dyton,8.74,PayPal
11/15/2019,12:48 PM,21549,Enrichetta,Pinching,187.71,Mastercard
8/11/2019,9:21 AM,92324,Emory,Stiggles,48.81,Visa
6/6/2019,2:52 PM,57931,Tuesday,Redgewell,,
6/12/2019,12:56 PM,56808,Hyacintha,Purvey,82.92,iDeal
5/19/2019,4:45 AM,17394,Kristel,Jenno,192.43,Mastercard
9/4/2019,7:32 AM,36953,Roderich,Benoey,181.33,Visa
8/15/2019,3:06 PM,91409,Hendrick,Hainey,60.85,Mastercard
3/17/2020,7:25 PM,65272,Nonie,Higgan,175.22,Visa
2/27/2020,4:02 AM,28448,Lesya,Hinge,98.26,Mastercard
3/31/2020,10:32 PM,71611,Nessi,Work,68.03,Visa
1/19/2020,7:41 AM,64118,Byron,Sudlow,72.19,Visa
5/12/2019,8:56 PM,80834,Arielle,Crowder,75.14,iDeal
6/30/2019,7:59 PM,46180,Twyla,Luetchford,147.13,iDeal
3/7/2020,7:55 AM,76633,Ashley,Reddin,59.65,Visa
2/5/2020,3:58 PM,32840,Goldia,Korb,5.26,Visa
8/15/2019,1:34 AM,78171,Tiena,Handrek,36.41,iDeal
8/29/2019,10:56 PM,43331,Yardley,O'Mullally,70.86,PayPal
2/11/2020,1:18 PM,81463,Daffie,Stourton,82.77,PayPal
11/2/2019,10:18 AM,25564,Donaugh,Llop,135.04,Visa
4/11/2020,1:53 PM,49090,Bennie,Hagard,16.66,Mastercard
6/6/2019,12:45 AM,54246,Blondy,Eick,39.65,iDeal
6/30/2019,1:14 PM,22169,Leontine,Mollett,8.69,Mastercard
1/12/2020,6:35 PM,60233,Jarrid,Bale,94.32,Visa
4/17/2020,4:22 AM,73048,Winthrop,Yellowley,159.82,Visa
11/21/2019,4:00 AM,18179,Orson,Cokly,178.45,Mastercard
7/22/2019,12:56 AM,32280,Tadd,Allam,181.05,PayPal
8/17/2019,12:13 PM,96088,Anetta,Sangster,165.73,Visa
5/20/2019,7:46 AM,82315,Dareen,Yapp,99.33,Mastercard
11/12/2019,5:18 PM,34465,Shawna,Hammerberg,16.06,Visa
6/20/2019,11:00 PM,15471,Gerald,Creer,127.68,PayPal
3/3/2020,8:28 PM,74764,Danya,Shapiro,31.85,Visa
11/12/2019,12:12 PM,67055,Dede,Chamberlayne,76.16,iDeal
3/22/2020,4:27 AM,14399,Courtnay,Clewarth,2.22,PayPal
4/21/2020,7:43 PM,38140,Clarisse,Bowlands,60.54,Visa
5/21/2019,7:09 PM,27811,Ania,Chishull,,
11/20/2019,1:06 PM,58103,Granville,Rigney,123.75,PayPal
10/29/2019,10:32 PM,51436,Danni,Cruden,21.59,PayPal
3/10/2020,7:39 PM,43747,Fallon,Mumbeson,76.52,Visa
9/29/2019,4:03 AM,48868,Romain,Martinyuk,136.95,Mastercard
12/22/2019,2:55 AM,61790,Fayre,Witherdon,152.78,Mastercard
1/21/2020,8:20 PM,59221,Matti,Doull,135.53,PayPal
7/25/2019,4:58 PM,85782,Natassia,Skuce,124.5,Visa
8/28/2019,11:20 AM,30604,Dudley,Barthod,162.4,iDeal
7/27/2019,9:16 AM,35879,Brennen,Hurle,98.98,Visa
1/13/2020,6:57 AM,23160,Burnaby,Leyrroyd,52.68,PayPal
12/13/2019,4:53 AM,29913,Karry,Lisle,181.06,iDeal
6/12/2019,12:33 AM,42308,Caron,Klais,155.05,PayPal
3/26/2020,7:34 AM,45535,Jesse,Constance,186.1,PayPal
11/21/2019,9:40 AM,98747,Knox,Rebeiro,99.96,Visa
9/27/2019,8:31 AM,18576,Abner,Lambart,176.26,Visa
12/31/2019,9:12 PM,88980,Samara,Bough,127.54,Mastercard
2/9/2020,3:19 PM,38412,Wynn,Lapidus,105.1,Visa
4/23/2020,9:23 AM,56760,Lock,Esmead,130.26,PayPal
10/2/2019,4:07 AM,10344,Margarete,Parsonson,42.47,Mastercard
2/11/2020,11:09 PM,52758,Bernelle,Sollas,148.84,PayPal
12/30/2019,12:28 PM,17810,Caroline,Bidder,58.74,Visa
9/2/2019,6:38 AM,89468,Leona,Berzen,43.35,iDeal
5/4/2020,3:59 PM,15750,Zoe,Duro,54.05,PayPal
1/29/2020,11:29 AM,90370,Zechariah,Babar,191.09,Mastercard
10/3/2019,4:35 PM,61391,Silvano,Lynde,46.96,Visa
3/29/2020,3:52 PM,96055,Jaimie,Minors,12.31,iDeal
2/26/2020,4:10 AM,49758,Burt,Lording,51.87,Mastercard
3/19/2020,9:35 PM,14408,Velvet,Amoss,46.01,Visa
2/19/2020,7:00 PM,10257,Etta,Side,97.48,PayPal
10/11/2019,11:32 AM,65403,Odell,Cufley,46.97,PayPal
3/30/2020,5:21 AM,24848,Malissa,Eskrigge,89.33,PayPal
1/28/2020,12:09 PM,44554,Madelaine,Candlish,183.36,iDeal
11/30/2019,1:47 AM,80816,Shelba,Jerrome,161.12,Mastercard
4/4/2020,11:15 AM,73821,Ogden,Turmall,83.14,Visa
2/2/2020,10:58 AM,22538,Dicky,Stot,179.43,Mastercard
7/30/2019,7:40 PM,63585,Ashley,Ainscow,70.98,Mastercard
6/23/2019,5:05 PM,82597,Dukey,O' Connell,126.86,iDeal
2/2/2020,5:22 AM,77749,Cullen,Poppy,26.76,Visa
1/20/2020,4:09 AM,94832,Tull,Kepp,43.69,Mastercard
2/18/2020,9:12 PM,88772,Constantino,Reese,42.89,PayPal
3/18/2020,10:32 AM,49600,Hasheem,Mitton,39.2,Visa
11/21/2019,7:08 AM,94816,Mollie,Fooks,17.2,Mastercard
5/3/2020,5:15 PM,32633,Lishe,Greydon,116.66,Visa
2/27/2020,7:05 PM,91466,Sonny,Chasmoor,53.88,Visa
3/6/2020,1:58 PM,65798,Enrique,Glaves,147.76,PayPal
5/25/2019,5:56 PM,62948,Faythe,Vonderdell,124.52,Mastercard
4/24/2020,5:23 PM,25169,Andy,Irce,6.31,iDeal
2/17/2020,4:36 PM,58718,Eolande,Magne,153.34,PayPal
2/15/2020,2:08 PM,77568,Kaile,Purseglove,42.92,Visa
3/30/2020,9:37 PM,75323,Spike,Di Carlo,115.41,Mastercard
12/7/2019,2:33 AM,74716,Bernardo,Tuffell,109.8,Mastercard
7/4/2019,9:08 AM,95107,Lynnelle,Maddrell,167.95,iDeal
2/21/2020,9:06 PM,75117,Laverne,McGahy,11.24,iDeal
5/26/2019,2:46 PM,41846,Borden,Puig,147.22,PayPal
4/8/2020,3:59 PM,74241,Vyky,Hawke,77.57,Mastercard
7/21/2019,2:19 PM,16568,Ardelis,Booi,136.0,iDeal
12/17/2019,9:29 PM,81145,Walsh,McPhate,95.43,Mastercard
12/29/2019,6:16 AM,80177,Errick,Swannack,107.85,PayPal
11/24/2019,9:20 PM,73909,Debi,Greve,134.02,PayPal
9/14/2019,1:00 PM,87645,Irma,Faldo,,
12/25/2019,12:03 PM,30072,Armand,Hopfer,190.01,Visa
7/17/2019,8:45 AM,19786,Blisse,Barr,161.35,iDeal
10/12/2019,6:38 AM,27320,Dewey,Emlen,3.11,Visa
3/30/2020,6:03 AM,65046,Erek,Nevitt,8.33,PayPal
11/15/2019,9:23 PM,38648,Xenos,Demogeot,3.75,Mastercard
5/15/2019,4:51 AM,61136,Ricki,Flagg,138.68,iDeal
1/28/2020,10:42 AM,65234,Juline,McGrane,170.74,PayPal
12/13/2019,3:36 AM,46360,Alfy,Catonne,165.7,Visa
6/30/2019,10:40 PM,32685,Greta,Bennitt,177.37,Visa
6/11/2019,1:35 AM,19061,Thedric,Barclay,2.1,PayPal
7/31/2019,4:20 PM,76750,Kristofer,Gerssam,4.43,Visa
2/10/2020,9:14 AM,80325,Saxe,Boult,172.9,Visa
1/18/2020,9:22 AM,53526,Gertie,Belfelt,100.71,iDeal
1/17/2020,2:35 AM,76037,Brig,Cobbin,114.57,PayPal
1/12/2020,2:48 AM,83636,Lyndsay,Ferronet,14.17,iDeal
1/5/2020,2:43 PM,42715,Lauren,Tirone,54.68,Mastercard
3/18/2020,3:31 PM,40501,Drud,Custance,96.98,PayPal
2/22/2020,10:35 PM,22006,Darryl,Muzzi,45.74,PayPal
9/24/2019,3:06 PM,74191,Karlens,Lumley,80.59,PayPal
8/26/2019,6:04 AM,93497,Kitty,Peattie,197.44,Mastercard
9/9/2019,9:50 AM,77282,Maryellen,Hellen,38.36,PayPal
6/29/2019,7:47 PM,78979,Yancey,Dewing,104.17,Visa
2/13/2020,7:57 AM,68641,Verge,Perryman,84.54,PayPal
11/10/2019,10:01 AM,21396,Chico,Mabbot,127.16,iDeal
6/16/2019,9:09 AM,25613,Danny,Walewicz,151.67,PayPal
2/7/2020,4:54 PM,37510,Dalt,Castagnaro,188.5,Visa
9/1/2019,7:15 AM,60091,Eduino,Campanelle,142.12,iDeal
1/28/2020,11:29 AM,23254,Barr,Tebboth,10.14,Visa
8/28/2019,10:29 PM,43993,Hildegaard,Fisbey,155.58,PayPal
10/12/2019,6:12 PM,67543,Trina,Yerby,108.89,PayPal
8/19/2019,3:50 PM,98946,Giusto,Quail,161.84,iDeal
8/8/2019,4:47 AM,55843,Boone,Babcock,14.27,PayPal
1/26/2020,8:49 AM,64065,Jessie,Boissier,178.65,iDeal
6/6/2019,4:28 AM,94956,Dayle,Messam,5.47,PayPal
1/17/2020,4:07 PM,12394,Darryl,Giroldi,,
5/5/2020,1:03 AM,16654,Rosabel,Beathem,148.43,Visa
7/13/2019,6:41 AM,47374,Weber,Skase,88.75,iDeal
12/23/2019,12:29 AM,11562,Jehu,Roose,58.79,Visa
8/8/2019,4:56 AM,78338,Ulrika,Skokoe,92.13,Visa
11/16/2019,4:28 AM,55739,Dory,Lewis,123.69,PayPal
8/27/2019,5:58 AM,65379,Prentice,Morando,2.68,PayPal
1/21/2020,3:49 PM,51265,Shanta,Grut,65.59,Visa
11/14/2019,8:28 PM,23553,Joanne,Eagleton,6.44,Mastercard
3/14/2020,5:22 PM,21982,Aarika,Prettyjohns,135.54,Mastercard
7/13/2019,3:11 PM,48112,Elga,Tukesby,60.46,Visa
8/2/2019,7:36 AM,76172,Sherwood,Janus,6.43,PayPal
10/12/2019,7:57 PM,56970,Gratiana,Edds,135.61,PayPal
10/21/2019,5:39 AM,88166,Odie,McKie,89.26,iDeal
8/11/2019,3:12 AM,46586,Skye,Tompsett,1.12,Visa
12/14/2019,8:44 PM,29698,Vonni,Hayen,81.25,iDeal
6/28/2019,8:44 PM,35100,Franciska,Fahey,135.28,Visa
8/6/2019,9:07 PM,91478,Karel,Rawcliffe,77.04,PayPal
12/25/2019,2:11 PM,16689,Clara,Kohen,134.5,Visa
4/20/2020,1:49 PM,34370,Bob,Scolli,122.51,iDeal
5/16/2019,1:19 PM,20309,Katleen,Brimble,103.73,PayPal
5/3/2020,3:11 PM,90278,Antonio,Stolle,181.48,Visa
11/3/2019,6:54 AM,70708,Fiona,Duggary,126.25,Visa
3/8/2020,4:57 AM,12598,Antonius,Duffrie,118.74,Mastercard
7/12/2019,9:50 PM,57587,Hieronymus,Glassborow,129.18,Visa
1/10/2020,11:37 PM,46808,Dita,Lead,155.36,Visa
7/3/2019,5:11 PM,47526,Caitlin,Medcalfe,20.5,PayPal
2/10/2020,1:07 AM,23331,Salomo,Bonallick,185.71,Mastercard
1/5/2020,5:38 AM,54050,Benny,Beesey,162.16,Mastercard
11/15/2019,1:54 AM,28391,Anya,Chapelhow,53.76,Mastercard
6/1/2019,7:31 AM,76516,Hannah,Chawkley,102.18,PayPal
3/16/2020,10:42 PM,15842,Lonni,Sherar,160.19,PayPal
5/15/2019,10:50 PM,33748,Augustus,Littleproud,40.25,iDeal
2/23/2020,1:39 PM,15864,Darwin,Di Gregorio,,
3/8/2020,11:22 PM,30537,Onfre,Gulleford,7.68,Mastercard
11/7/2019,6:36 AM,79639,Cly,Yannoni,127.91,PayPal
9/14/2019,4:28 AM,71729,Guglielmo,Tewkesberry,192.94,iDeal
11/19/2019,3:33 PM,40886,Eugenia,Showalter,187.7,Mastercard
5/27/2019,10:24 PM,48865,Page,Yeulet,78.25,iDeal
11/19/2019,2:57 PM,40142,Lucille,Donohue,120.68,PayPal
9/13/2019,10:40 PM,91576,Violetta,Watkins,114.16,Mastercard
12/22/2019,3:13 AM,92166,Nettie,Sturgess,96.67,Visa
5/11/2019,5:21 PM,74310,Evey,Cauley,99.22,PayPal
7/2/2019,6:33 PM,81561,Henrieta,O'Neal,158.86,Mastercard
4/21/2020,11:22 AM,55808,Michail,Dempster,163.99,iDeal
11/13/2019,12:56 PM,65355,Malanie,Albrighton,148.33,iDeal
12/25/2019,8:39 PM,44050,Gael,Mamwell,39.87,PayPal
7/23/2019,9:58 AM,59940,Fey,Strutt,46.93,iDeal
6/15/2019,3:48 AM,85754,Tate,Bathersby,179.41,PayPal
10/24/2019,8:43 PM,44112,Hillel,Toulamain,142.53,PayPal
1/31/2020,11:37 AM,76250,Karry,Cotsford,106.89,Visa
7/8/2019,8:50 PM,13543,Sebastian,Abella,164.62,PayPal
11/6/2019,2:45 PM,72482,Ralf,Castelijn,108.57,PayPal
12/7/2019,11:20 PM,11890,Monika,Orteu,159.0,PayPal
11/25/2019,10:01 PM,28952,Polly,Risbie,40.5,Visa
9/29/2019,8:56 PM,73043,Raff,Rickell,172.65,PayPal
3/17/2020,3:29 AM,37640,Darbie,Kiraly,45.74,iDeal
8/24/2019,11:41 AM,83410,Catharine,Pischoff,85.83,Mastercard
2/24/2020,5:31 PM,57218,Sibyl,Brimblecomb,195.39,PayPal
3/29/2020,10:07 AM,95129,Cindy,McGookin,136.46,Mastercard
1/18/2020,4:22 PM,58468,Bale,Cliffe,126.85,Mastercard
5/11/2019,7:07 AM,91449,Clarey,Smee,43.74,iDeal
2/2/2020,5:12 PM,21594,Barny,Davie,10.36,PayPal
8/6/2019,6:01 PM,14520,Daffy,Oran,48.83,Visa
9/4/2019,3:21 AM,58552,Lacey,Charter,51.65,PayPal
7/1/2019,11:25 PM,62875,Cass,Gatland,6.59,Visa
7/9/2019,4:45 PM,52361,Liuka,Pigrome,133.19,iDeal
5/10/2019,10:15 AM,30876,Alysa,Kirckman,86.47,Visa
11/26/2019,2:18 AM,30489,Jenelle,Gudgin,195.3,Mastercard
3/14/2020,3:15 PM,20999,Sutherland,Mugridge,152.69,Mastercard
10/17/2019,9:37 AM,95718,Cesar,Deverose,157.08,PayPal
8/23/2019,8:46 AM,75612,Otto,Burnhill,118.62,Mastercard
11/9/2019,10:02 PM,74207,Catherina,Ovid,139.8,iDeal
9/10/2019,2:18 AM,74135,Spenser,Worsfield,17.22,Mastercard
8/13/2019,8:51 AM,52446,Violette,Van,141.77,PayPal
12/17/2019,6:27 AM,80684,Cordelia,Vail,65.21,PayPal
8/27/2019,12:31 PM,77921,Eli,Blowfield,67.08,PayPal
4/2/2020,4:16 PM,85142,Jonie,Roubert,165.29,Visa
2/17/2020,4:53 PM,36763,Martie,Maddock,185.47,iDeal
12/11/2019,11:17 PM,52758,Ingrim,Pitchford,64.06,Mastercard
2/27/2020,3:52 AM,60559,Delphine,Simenel,190.04,iDeal
7/8/2019,9:18 AM,76509,Johnnie,Lundberg,135.3,Visa
10/19/2019,7:41 AM,56756,Franzen,Bage,13.93,Mastercard
3/26/2020,3:38 AM,27765,Freeman,Wincom,62.63,Mastercard
12/4/2019,6:56 AM,30723,Wilmar,Seakes,169.57,Mastercard
4/22/2020,12:19 AM,25071,Isiahi,Filliskirk,35.97,iDeal
4/22/2020,1:24 PM,93785,Carlotta,Kinny,27.43,PayPal
3/29/2020,5:03 AM,25592,Alexei,Drable,172.84,Visa
6/30/2019,3:38 PM,24873,Happy,Rumford,120.03,Mastercard
8/23/2019,10:14 PM,10472,Janetta,Powner,139.14,Mastercard
3/10/2020,7:43 PM,75770,Helaine,Connop,51.92,iDeal
5/7/2019,7:22 PM,70609,Dewain,Shelley,123.01,iDeal
3/15/2020,10:13 AM,70292,Christoper,Betho,108.35,iDeal
1/23/2020,4:03 AM,42193,Randy,Alyukin,176.08,Mastercard
8/20/2019,10:32 PM,74514,Jackelyn,Greenall,22.35,Visa
4/21/2020,5:49 PM,49200,Dalila,MacAulay,44.6,Mastercard
8/15/2019,8:17 PM,62766,Meta,Trow,109.11,iDeal
8/27/2019,3:27 AM,69388,Domenic,Wiggett,199.02,Visa
1/10/2020,12:40 PM,23001,Germaine,Cotmore,190.86,PayPal
4/30/2020,9:59 AM,87210,Elbert,Fairhall,155.29,Mastercard
12/17/2019,2:34 PM,40028,Leila,Beyer,50.99,PayPal
11/9/2019,9:43 PM,92834,Kai,Radish,173.59,PayPal
1/18/2020,11:20 AM,51698,Shannen,McVeighty,185.06,PayPal
11/9/2019,1:36 PM,32552,Dorian,Slyvester,186.11,iDeal
9/6/2019,6:33 AM,87362,Morganne,Bearn,12.3,Visa
8/20/2019,11:53 PM,51188,Aylmer,Jeanesson,185.64,Mastercard
11/3/2019,11:30 AM,31779,Steffie,Verne,171.23,Visa
5/14/2019,4:54 AM,82245,Dion,Corsham,95.17,Visa
3/14/2020,7:20 AM,28594,Viki,Brayne,31.06,iDeal
12/20/2019,2:10 AM,68157,Raymond,Haberjam,16.85,Visa
4/29/2020,6:53 AM,64793,Fields,Barstock,70.92,Mastercard
2/26/2020,8:29 AM,25839,Woodie,Cottingham,39.03,PayPal
10/26/2019,10:07 PM,86891,Edithe,Jillis,61.28,PayPal
5/22/2019,5:21 PM,36851,Carly,Carbine,157.47,iDeal
11/20/2019,1:58 AM,82767,Maribel,Phidgin,92.91,Visa
11/20/2019,6:16 AM,62211,Samuele,Sangwin,8.58,PayPal
8/13/2019,5:00 PM,27014,Grier,Daud,154.03,Mastercard
6/27/2019,3:59 PM,86896,Farr,Finlater,147.43,iDeal
7/11/2019,7:41 PM,77493,Jobye,Napoleone,89.81,iDeal
4/2/2020,3:00 PM,46272,Demetri,Graddell,21.01,Mastercard
3/26/2020,7:01 AM,22677,Annabell,Nice,60.27,iDeal
11/10/2019,5:22 PM,38601,Durant,Hedge,30.98,PayPal
4/5/2020,5:52 AM,34699,Laurette,Cornfield,16.18,Visa
6/17/2019,1:05 PM,59660,Ethelin,Sawford,132.69,Visa
10/3/2019,3:58 PM,98412,Alexandra,Barfford,188.41,Visa
4/14/2020,7:24 PM,30062,Georas,Sproson,15.05,PayPal
2/29/2020,6:59 AM,34328,Modesta,Gross,125.07,Visa
12/2/2019,11:11 PM,56573,Ron,Droogan,154.65,Mastercard
1/20/2020,4:09 AM,72132,Drusy,Taile,35.57,Visa
10/16/2019,10:34 AM,30531,Margarete,Elfes,41.96,Visa
3/14/2020,12:11 PM,16796,Bogart,Nickels,15.17,iDeal
6/3/2019,10:44 AM,35775,Austen,Sheehan,55.14,Mastercard
1/15/2020,8:58 AM,52530,Margarethe,Alaway,152.58,Visa
3/4/2020,9:03 PM,30626,Stacee,Noonan,168.77,PayPal
8/15/2019,12:49 AM,81799,Nichol,Seer,32.41,Mastercard
7/7/2019,7:26 AM,88674,Melesa,Mottram,1.2,Mastercard
4/12/2020,12:09 PM,84136,Hall,Storms,177.02,Mastercard
12/12/2019,12:21 AM,92257,Sherwin,Harrill,93.03,iDeal
3/25/2020,11:49 AM,61986,Gerianna,Beavan,63.75,PayPal
11/24/2019,12:11 AM,53614,Ianthe,Niblo,192.91,iDeal
1/20/2020,2:15 AM,27948,Katheryn,Cristofolini,83.67,iDeal
10/28/2019,6:30 PM,98040,Auberta,Tarquinio,15.49,Mastercard
3/24/2020,1:23 PM,19560,Astrid,Barrand,116.71,Mastercard
6/1/2019,10:01 PM,93664,Lurlene,Jewitt,113.68,iDeal
8/5/2019,7:59 PM,87901,Rollins,Skryne,98.41,PayPal
8/3/2019,5:26 PM,35221,Helen-elizabeth,Crowder,61.54,Visa
5/4/2020,9:36 PM,73490,Odell,Teodorski,87.87,PayPal
7/27/2019,8:17 PM,61310,Carissa,Lewson,79.87,Visa
8/6/2019,7:46 PM,38697,Fayre,Spiring,39.48,iDeal
10/8/2019,3:23 PM,60932,Caz,Jaques,91.4,Mastercard
6/6/2019,10:49 PM,74072,Matti,Jefferd,,
8/22/2019,6:06 PM,49291,Carrol,Beasant,54.14,PayPal
8/11/2019,9:57 PM,71780,Grata,Howson,108.85,Visa
7/27/2019,12:09 AM,29408,Tallou,Fry,184.5,Mastercard
2/18/2020,3:20 PM,86471,Liza,Lynagh,122.52,PayPal
4/18/2020,9:00 PM,83324,Wyn,Pfeffle,140.54,Mastercard
4/24/2020,2:56 AM,80487,Theresita,Beveridge,62.62,iDeal
7/23/2019,5:04 PM,57611,Cristie,Giotto,109.23,PayPal
2/13/2020,11:09 PM,97493,Toiboid,Blind,43.43,Visa
9/24/2019,10:57 AM,54578,Ludvig,Gotter,175.92,Mastercard
7/21/2019,12:26 AM,80897,Eveline,Steuart,120.03,PayPal
10/31/2019,10:53 AM,13665,Ninette,Ferber,9.75,Mastercard
5/13/2019,7:29 AM,15027,Ginger,Payfoot,191.87,PayPal
10/24/2019,5:31 PM,78233,Nesta,Dietmar,22.19,Mastercard
12/1/2019,5:30 AM,80488,Chancey,Hinckley,144.36,Mastercard
11/10/2019,12:57 AM,31776,Oralia,Grimsditch,72.48,Visa
4/9/2020,3:38 AM,71933,Antons,Arnull,107.24,Visa
11/11/2019,5:18 PM,77958,Cully,Arntzen,38.31,Mastercard
4/29/2020,11:12 AM,94725,Corilla,Dumbrall,108.55,PayPal
6/30/2019,5:46 PM,35560,Carolee,Winspar,186.97,Visa
3/9/2020,4:32 PM,21026,Fayina,Welland,31.57,Visa
6/29/2019,8:27 PM,34726,Valentin,Hulstrom,94.74,PayPal
11/16/2019,2:07 AM,23377,Gwendolin,Andriulis,144.23,Visa
3/30/2020,11:07 PM,98672,Shelby,Lande,121.27,Mastercard
7/20/2019,6:45 AM,72798,Wally,Handlin,89.52,iDeal
2/24/2020,1:14 PM,50403,Jyoti,Atcherley,,
7/3/2019,11:15 PM,18078,Dulce,Brunke,7.34,Mastercard
1/14/2020,9:45 PM,11067,Torry,Shawyer,169.58,Mastercard
11/26/2019,10:34 AM,54377,Elizabeth,Codling,181.32,iDeal
9/24/2019,1:55 AM,31491,Alard,Donner,21.57,iDeal
2/28/2020,2:47 AM,22483,Sherm,Beecker,176.52,PayPal
1/6/2020,9:07 AM,41795,Andree,Hablot,20.72,Mastercard
2/16/2020,9:19 PM,87616,Augustine,Higgonet,30.54,Mastercard
9/2/2019,8:41 PM,48356,Nicolette,Ridges,6.59,Mastercard
10/14/2019,4:23 AM,69304,Paige,Pilfold,101.06,iDeal
9/10/2019,3:10 AM,56734,Corina,Penquet,141.79,Visa
6/26/2019,7:18 AM,87628,Evvy,Clift,87.0,PayPal
11/10/2019,9:00 PM,92492,Terri-jo,Ludlem,74.43,Mastercard
4/20/2020,12:16 AM,13504,Lizzie,Malia,134.12,Visa
12/5/2019,4:19 PM,71724,Leanna,Bunney,46.72,Mastercard
3/19/2020,10:46 PM,62978,Aldwin,Bow,65.77,Visa
11/10/2019,7:20 AM,28912,Deirdre,Brouwer,183.71,Mastercard
10/12/2019,8:32 PM,33107,Sax,Nurdin,157.03,Mastercard
1/30/2020,2:42 AM,37152,Bastien,Windmill,45.79,PayPal
12/19/2019,4:54 AM,50316,Meyer,Ricciardelli,91.45,Mastercard
2/11/2020,10:55 AM,44674,Zorana,Gaylor,158.92,Visa
5/20/2019,12:13 PM,37135,Harriet,Queree,193.61,Visa
1/9/2020,10:32 AM,87090,Enrique,Jeremaes,38.36,iDeal
2/29/2020,1:04 AM,96758,Angelle,MacMaykin,180.94,iDeal
3/12/2020,2:19 PM,86448,Hall,O'Boyle,148.19,Mastercard
4/10/2020,11:20 AM,70686,Kameko,Jotham,199.0,Visa
9/9/2019,4:16 PM,37432,Tanhya,Dounbare,,
3/23/2020,8:13 AM,25618,Flynn,Fetterplace,29.52,Visa
9/29/2019,4:24 PM,45455,Tisha,Muris,159.45,PayPal
10/23/2019,10:44 AM,64539,Vanya,Davidman,196.89,iDeal
12/23/2019,9:53 PM,83452,Garik,Leynham,73.35,PayPal
10/12/2019,8:51 AM,42407,Murray,McTurley,166.5,iDeal
10/14/2019,3:41 AM,43897,George,Chad,26.52,PayPal
7/16/2019,6:24 PM,20583,Barde,Nicklin,93.59,PayPal
6/5/2019,1:25 AM,33588,Iggy,Maris,157.44,Mastercard
3/23/2020,1:57 AM,75191,Seward,Marval,140.37,PayPal
9/4/2019,11:49 PM,52024,Axe,Jenteau,103.2,PayPal
11/17/2019,8:38 AM,64885,Misti,Hanaford,104.37,Visa
8/5/2019,9:02 PM,74340,Hillier,Oty,64.55,Visa
8/13/2019,3:47 PM,63345,Codie,Cannaway,16.05,PayPal
10/7/2019,7:45 PM,42205,Maritsa,Tiffany,2.84,Mastercard
9/28/2019,2:39 AM,81427,Ephrayim,Gallemore,195.28,Visa
3/16/2020,2:54 PM,27379,Cassandre,Ziemen,,
7/21/2019,1:51 AM,74924,Bart,Tarplee,170.26,PayPal
10/27/2019,1:56 AM,81095,Jemie,Watkiss,96.2,Mastercard
11/18/2019,10:27 AM,83503,Etheline,Leftwich,78.66,Mastercard
2/11/2020,6:06 AM,41132,Tessie,Fairy,189.17,iDeal
4/23/2020,6:13 AM,63806,Jewelle,Streak,73.14,PayPal
5/17/2019,8:08 PM,31250,Paton,Grevile,66.4,Visa
2/17/2020,7:11 PM,63028,Egon,Paoletti,51.17,Visa
1/15/2020,10:16 PM,62031,Hervey,Morat,104.74,Visa
11/29/2019,12:27 AM,53622,Laurianne,Tawton,3.83,Visa
6/17/2019,9:58 PM,71440,Heinrik,Bryer,155.57,Mastercard
2/16/2020,12:49 PM,60033,Arley,Jent,191.38,iDeal
8/30/2019,1:47 AM,74132,Fletcher,Warder,15.71,PayPal
1/26/2020,12:58 PM,62982,Alfreda,Kacheler,23.42,Visa
8/27/2019,6:26 AM,81673,Jo,Wadlow,78.69,Mastercard
8/26/2019,5:18 PM,59450,Risa,Humberston,167.7,Mastercard
9/28/2019,8:53 AM,84000,Bibi,Devall,167.29,Visa
10/24/2019,9:00 PM,80394,Katy,Crampton,13.11,Mastercard
2/22/2020,11:54 PM,63326,Lisha,Linney,113.43,Visa
7/7/2019,4:38 AM,30825,Lester,Thurling,93.7,iDeal
10/18/2019,10:13 AM,25591,Lou,Orgill,10.27,Mastercard
5/22/2019,11:52 PM,85112,Virgie,Weldrake,114.03,Visa
8/29/2019,5:53 PM,39523,Averil,Carreyette,94.11,Mastercard
4/30/2020,7:30 AM,48830,Rosalynd,Craisford,153.13,PayPal
2/16/2020,6:37 AM,40116,Jackson,Kinkaid,172.19,PayPal
12/20/2019,4:02 AM,34264,Augy,Blondin,195.52,Mastercard
2/26/2020,12:08 AM,62195,Kitti,Dudman,13.19,Visa
11/24/2019,3:47 AM,79610,Tammie,Croft,138.88,Mastercard
8/18/2019,5:55 AM,10318,Marne,Deakes,113.68,Mastercard
11/29/2019,11:46 PM,56283,Ruthy,Gurr,61.27,Mastercard
8/4/2019,4:42 AM,30238,Kurtis,Jozefiak,25.69,PayPal
7/30/2019,4:52 PM,82306,Evvie,Urwin,41.38,PayPal
3/3/2020,8:37 PM,86128,Saraann,Rucklesse,138.23,PayPal
3/8/2020,8:16 PM,89783,Averell,Dunk,106.99,Visa
6/25/2019,4:48 AM,82191,Aaren,Wharram,112.7,PayPal
2/10/2020,2:49 PM,20491,Emmalee,Hadcroft,27.76,PayPal
8/7/2019,1:30 PM,18077,Nonnah,Anstie,129.67,Mastercard
12/13/2019,8:07 AM,39195,Gretchen,Kivelle,11.56,Mastercard
10/15/2019,3:49 AM,23588,Doll,Demange,,
2/11/2020,6:28 PM,23748,Lynde,Briand,4.36,iDeal
9/18/2019,6:31 AM,61426,Mariejeanne,Betonia,74.45,PayPal
3/29/2020,5:41 AM,74463,Shayla,Silkston,166.55,Visa
11/5/2019,12:42 AM,31883,Kirbee,Dooney,184.18,Visa
4/4/2020,9:21 PM,23888,Kahlil,Pougher,89.51,Mastercard
6/5/2019,6:00 AM,94456,Crystie,Krishtopaittis,85.3,Mastercard
9/20/2019,5:46 PM,24441,Tobias,Vanyushin,95.92,Visa
6/5/2019,12:18 PM,97375,Kathe,Domm,198.29,Mastercard
6/28/2019,9:22 PM,70711,Ulysses,Coull,86.11,PayPal
7/18/2019,10:14 PM,83718,Dannie,Lambard,132.48,PayPal
8/12/2019,7:06 PM,85103,Land,Zeplin,72.31,Mastercard
5/21/2019,12:06 PM,36255,Dore,Renol,142.66,iDeal
11/19/2019,5:48 AM,63062,Jaye,Wolfinger,106.83,iDeal
3/26/2020,4:16 AM,22136,Dierdre,Boynes,137.55,Mastercard
1/31/2020,9:16 AM,28788,Gan,Needs,72.14,Mastercard
5/8/2019,3:34 AM,72057,Abbe,Donnersberg,169.02,Visa
5/26/2019,1:10 AM,14955,Florina,Colville,187.13,Mastercard
4/16/2020,9:28 PM,35427,Catrina,Robroe,142.36,Mastercard
8/3/2019,5:31 AM,48243,Obadiah,Pettiford,119.42,Mastercard
8/3/2019,2:25 PM,58697,Melvyn,Paulillo,17.98,Mastercard
9/6/2019,9:15 AM,46259,Norean,Edgson,55.63,PayPal
1/20/2020,8:06 AM,82929,Ilka,Stockle,166.33,PayPal
6/27/2019,4:49 PM,14916,Rayner,Hartrick,55.67,Visa
1/10/2020,7:30 AM,16599,Emalia,Worg,77.0,PayPal
8/19/2019,12:28 AM,44282,Marylee,Marran,169.81,Mastercard
8/24/2019,1:32 AM,30312,Maximilian,Van't Hoff,199.13,Visa
7/24/2019,2:39 AM,39190,Ariana,Clouston,119.88,Mastercard
3/27/2020,12:09 PM,62494,Lillis,Smidmoor,149.95,PayPal
10/4/2019,6:07 PM,29174,Heinrick,Missington,63.95,Mastercard
12/25/2019,6:10 AM,36848,Andra,Swainsbury,152.9,iDeal
4/13/2020,3:17 AM,23197,Caitlin,Confait,162.0,Mastercard
7/24/2019,1:11 AM,16924,Rogers,Albon,162.17,Visa
11/22/2019,7:23 AM,42338,Lizabeth,Parzis,148.81,Visa
10/22/2019,12:21 PM,82670,Mabelle,Harrad,65.95,Visa
9/8/2019,7:47 PM,19288,Danice,Tyrrell,53.87,PayPal
8/18/2019,3:03 AM,14447,Heindrick,Michal,54.1,Visa
11/1/2019,11:55 AM,72463,Torrey,Faldo,102.43,iDeal
1/18/2020,2:26 PM,19162,Salomo,Gogarty,190.54,PayPal
4/14/2020,10:41 AM,29070,Fawne,Pancost,130.12,iDeal
3/31/2020,5:44 AM,35291,Ursa,Leatt,182.87,Mastercard
8/17/2019,3:06 AM,47695,Liana,Baldassi,197.19,PayPal
5/27/2019,11:47 PM,65331,Amy,Pietron,59.1,PayPal
5/14/2019,2:32 PM,80656,Alon,Agostini,45.09,PayPal
12/7/2019,10:11 PM,47732,Natassia,Dron,112.57,Visa
2/15/2020,5:19 AM,85647,Lorinda,Dumper,18.29,PayPal
5/13/2019,10:45 PM,27706,Bobby,Wheildon,10.06,PayPal
3/19/2020,5:40 PM,98550,Luce,Syme,82.9,PayPal
12/9/2019,10:27 PM,16271,Maurits,Pepper,45.24,PayPal
4/4/2020,8:53 AM,83707,Carley,Ablitt,12.01,PayPal
11/8/2019,3:57 AM,69894,Silvana,Georghiou,177.78,Visa
12/30/2019,7:04 AM,49510,Auguste,Brodley,103.22,Visa
2/25/2020,7:51 AM,44719,Eddi,Gaven,,
6/14/2019,10:08 AM,27858,Philly,Kropach,25.56,Mastercard
8/29/2019,3:51 AM,27972,Letta,Lawlance,104.8,Visa
6/13/2019,11:21 AM,77129,Jeromy,Haire,91.26,PayPal
5/22/2019,9:57 PM,55439,Zondra,Venning,85.57,PayPal
12/12/2019,5:53 AM,42026,Onfre,Parmer,64.39,Visa
10/9/2019,7:27 PM,16556,Rutger,Stivens,60.88,iDeal
9/16/2019,7:49 PM,81306,Harmon,Fleet,150.43,Visa
7/14/2019,9:17 PM,38713,Briano,Bosence,121.47,Visa
12/27/2019,4:00 AM,96013,Kennie,L'Homme,,
6/8/2019,12:43 AM,50626,Gweneth,Staten,25.13,Visa
6/21/2019,5:08 PM,85901,Gusta,Fleote,105.34,Visa
3/6/2020,11:14 PM,79122,Titos,Parslow,68.05,iDeal
2/16/2020,8:23 PM,76729,Roxanne,Beamish,99.09,iDeal
1/19/2020,10:42 AM,55818,Bunnie,Semarke,137.56,Mastercard
5/27/2019,12:12 PM,84642,Zackariah,Reynold,83.82,PayPal
2/27/2020,12:23 AM,62366,Tasha,Domenico,125.89,Visa
11/21/2019,3:22 AM,25662,Corny,Woods,100.57,Mastercard
1/5/2020,2:25 PM,79289,Molli,Smalles,88.53,iDeal
4/30/2020,7:49 AM,11920,Francesco,Pleasance,71.95,Mastercard
2/17/2020,10:53 AM,11168,Giselbert,Guise,68.92,PayPal
3/20/2020,1:45 AM,24654,Baily,Barlas,57.95,iDeal
6/9/2019,11:56 AM,53826,Christin,Elson,38.44,iDeal
4/3/2020,8:01 PM,77570,Silvain,Issatt,95.24,Mastercard
6/21/2019,9:50 PM,35975,Jodie,Cockell,132.29,PayPal
1/20/2020,7:24 AM,48919,Dominic,Menauteau,160.83,Mastercard
6/4/2019,9:41 PM,70272,Eleonore,Davidowsky,9.63,iDeal
10/8/2019,2:27 PM,68599,Margarete,Seally,153.0,iDeal
5/24/2019,12:05 AM,46316,Pia,Haster,40.59,Mastercard
3/20/2020,11:26 AM,78664,Estell,Whitcombe,177.27,Visa
8/19/2019,12:07 AM,16978,Melissa,Grenshields,20.88,iDeal
7/21/2019,6:35 AM,15312,Arlen,Carnow,154.71,iDeal
9/24/2019,1:38 PM,81265,Lanie,Howarth,53.75,Mastercard
12/22/2019,12:12 AM,32301,Shayla,Laetham,109.36,iDeal
10/6/2019,7:29 PM,28091,Cherye,Rosenberg,30.71,Visa
12/11/2019,1:33 AM,78993,Boigie,Jumel,175.04,iDeal
4/5/2020,10:27 AM,96158,Hanna,McDuffy,62.26,Mastercard
12/16/2019,2:50 AM,36836,Melantha,Gamlin,78.55,PayPal
9/30/2019,11:44 AM,53956,Benedicto,Mochar,171.81,iDeal
9/9/2019,12:39 AM,17965,Olympia,Russilll,176.27,PayPal
12/7/2019,6:49 AM,21880,Heath,Van der Beken,121.41,Visa
7/10/2019,4:50 PM,32203,Karon,Siemons,28.35,iDeal
5/15/2019,8:14 PM,65698,Harman,Gayter,18.53,iDeal
8/18/2019,8:23 AM,90311,Chiarra,Culter,106.8,iDeal
6/20/2019,10:40 AM,77403,Jehu,Bovey,79.1,Visa
3/19/2020,10:23 AM,42017,Noach,Jeggo,132.85,iDeal
9/16/2019,7:52 PM,91086,Cathie,Danilishin,33.29,Mastercard
5/14/2019,11:13 AM,55855,Rivkah,Doyland,24.5,iDeal
2/3/2020,3:58 PM,98794,Milli,Bushen,17.12,Mastercard
5/18/2019,5:22 PM,70779,Elana,Craik,168.22,Visa
2/18/2020,8:01 AM,43797,Tallie,Broom,22.99,iDeal
9/27/2019,5:14 PM,83699,Hazel,Westoff,95.95,PayPal
2/6/2020,5:53 PM,83993,Alida,Mellenby,183.43,PayPal
10/13/2019,11:26 AM,61149,Saloma,Meachan,39.5,iDeal
11/30/2019,7:25 AM,88420,Gretel,Yurtsev,151.7,PayPal
11/20/2019,2:34 PM,63517,Vinni,Fardy,91.11,PayPal
4/19/2020,5:42 PM,38448,Sherill,Moss,173.81,Visa
6/19/2019,9:54 AM,48768,Elliot,Glaze,53.34,iDeal
12/2/2019,3:45 AM,79215,Blithe,Spelling,73.85,Visa
10/2/2019,2:51 AM,31014,Evangelia,Claxton,104.75,Mastercard
1/9/2020,6:57 AM,15462,Brand,Hannaway,184.08,PayPal
7/21/2019,2:06 AM,72255,Lisa,Flanne,126.65,Visa
6/5/2019,11:50 PM,50452,Viki,Bernardez,118.19,Mastercard
2/25/2020,6:35 PM,75932,Luther,Wyd,32.86,Mastercard
3/21/2020,9:02 PM,92046,Marcie,Balshen,11.34,Mastercard
9/29/2019,10:15 PM,47100,Gustavus,Stuchbery,51.82,Mastercard
4/29/2020,6:27 PM,17656,Joell,Gahan,197.41,iDeal
8/21/2019,2:17 AM,10953,Evelina,Cossam,125.04,PayPal
6/26/2019,4:51 AM,86535,Clemence,Orbon,153.41,Visa
11/28/2019,3:29 AM,96467,Woodrow,Gittens,13.74,PayPal
11/22/2019,12:31 AM,60138,Analiese,Bulfoot,60.66,Visa
4/4/2020,12:18 AM,88445,Franny,Mirfield,77.67,iDeal
9/7/2019,7:07 PM,84167,Freddie,Benwell,24.86,iDeal
8/28/2019,10:44 AM,43971,Adorne,Rolance,58.41,PayPal
6/29/2019,1:57 PM,61649,Starr,Hellin,111.07,Mastercard
9/2/2019,4:01 PM,37439,Maje,Pountney,32.87,PayPal
11/29/2019,2:34 AM,56193,Sasha,Roistone,179.18,Visa
8/8/2019,6:22 AM,21215,Timmie,Hodges,141.2,Visa
12/22/2019,1:27 PM,27114,Lonna,Lemonnier,58.29,iDeal
2/23/2020,2:53 AM,42332,Clovis,Steely,113.76,PayPal
6/7/2019,9:38 AM,55434,Abbie,Eastop,122.17,iDeal
2/24/2020,7:43 PM,44924,Iolanthe,Daid,71.88,Mastercard
1/5/2020,4:27 AM,91740,Ara,Lapish,192.28,Mastercard
6/19/2019,9:51 AM,57349,Conny,Swaton,93.61,Visa
12/1/2019,6:07 PM,52921,Ronald,MacGowing,,
1/16/2020,9:38 AM,46053,Chad,Morton,67.82,Visa
7/19/2019,11:19 AM,93536,Dasie,Iskower,161.75,Mastercard
4/1/2020,12:48 AM,14790,Marthena,Towll,147.95,Mastercard
11/10/2019,5:01 AM,29641,Osbert,Beretta,120.14,iDeal
3/25/2020,11:29 AM,39305,Baron,Rillett,66.17,Mastercard
5/4/2020,3:38 PM,10762,Rosalynd,O'Fielly,92.14,Visa
5/24/2019,9:51 AM,69872,Oates,Biddleston,38.44,PayPal
9/3/2019,4:57 AM,81123,Melantha,Pilmoor,95.64,Visa
10/4/2019,12:17 PM,18329,Jo,Triswell,135.23,iDeal
5/28/2019,7:31 AM,71161,Reagen,Cubitt,164.3,Mastercard
3/12/2020,9:45 AM,65254,Christine,Matfin,167.0,Mastercard
1/21/2020,8:36 AM,43507,Frederica,Jakeway,70.29,PayPal
6/28/2019,12:38 PM,85541,Lennie,Roff,81.24,PayPal
1/12/2020,11:28 AM,47318,Merle,Itzcak,75.43,Visa
1/23/2020,3:47 PM,46638,Roderich,Tandey,21.41,Visa
7/1/2019,7:12 AM,32642,Britt,Wrench,26.33,Visa
1/27/2020,11:12 PM,15945,Gale,MacGowan,193.63,Mastercard
6/2/2019,7:56 PM,91936,June,Padwick,55.78,Visa
11/6/2019,12:56 AM,88191,Bentley,Slyme,97.46,PayPal
10/18/2019,6:30 AM,75737,Aristotle,Rangle,37.2,iDeal
9/3/2019,3:48 AM,48264,Linoel,Shewsmith,125.05,iDeal
4/16/2020,7:13 PM,42264,Xylia,Zanioletti,72.06,Visa
10/4/2019,7:55 PM,31186,Randolph,Spark,124.26,Mastercard
5/20/2019,6:48 AM,88013,Tobye,Riseley,,
2/14/2020,9:27 AM,78829,Loree,Flasby,150.9,iDeal
8/10/2019,12:47 AM,17483,Siward,Stolle,42.02,iDeal
5/19/2019,6:47 PM,38137,Regen,Aubray,129.25,iDeal
11/16/2019,7:15 AM,66568,Tine,Mathewes,105.01,iDeal
10/6/2019,6:58 PM,89114,Zebulen,Esp,21.5,iDeal
11/26/2019,12:36 AM,43313,Antonio,Castaignet,175.97,PayPal
5/23/2019,9:13 PM,66876,Carmina,Rigby,31.32,PayPal
12/12/2019,5:25 AM,14990,Prudy,MacPeice,179.69,Mastercard
5/1/2020,3:43 PM,26428,Bradford,Dyott,147.98,Visa
9/10/2019,7:04 AM,22038,Althea,Perell,66.46,Mastercard
3/7/2020,7:17 PM,36553,Felicio,Sterling,44.18,Visa
7/18/2019,7:35 PM,88761,Jaimie,Keynd,4.07,iDeal
3/18/2020,2:30 AM,79558,Martina,Ghost,195.97,Visa
1/23/2020,6:56 PM,55845,Leon,McLae,167.92,Mastercard
3/22/2020,9:59 AM,79865,Ilsa,Jovicevic,173.73,PayPal
2/22/2020,9:50 PM,91142,Jack,Hindge,84.02,PayPal
12/2/2019,10:06 PM,73850,Grannie,Batterton,72.06,PayPal
4/24/2020,2:18 PM,39579,Isac,Kerne,9.35,iDeal
2/14/2020,12:27 AM,98274,Meredith,Grealish,119.97,PayPal
5/17/2019,5:16 AM,17765,Hubert,Ianno,156.08,Visa
11/17/2019,10:55 PM,96521,Humberto,Matyja,59.86,Visa
1/14/2020,1:55 AM,14203,Nels,Dundin,195.37,Mastercard
6/13/2019,12:09 AM,76642,Nydia,Albisser,158.09,iDeal
6/22/2019,6:59 PM,65728,Dunstan,Huckel,103.74,PayPal
5/18/2019,1:23 AM,89151,Archibald,Petrussi,153.66,Visa
8/31/2019,4:13 AM,74397,Brewer,Ingliby,44.67,PayPal
12/27/2019,8:01 PM,87443,Danielle,Dracksford,144.46,PayPal
12/5/2019,1:53 AM,32956,Cindie,Colbeck,61.97,PayPal
5/14/2019,10:32 AM,37962,Forester,Blues,136.12,Visa
5/14/2019,11:41 PM,35769,Frederica,Karpets,140.49,iDeal
8/4/2019,1:02 AM,82636,Sandro,Mosdill,191.55,Visa
12/4/2019,6:35 AM,55022,Fayre,Smeath,122.42,PayPal
12/15/2019,4:06 AM,13748,Gerta,Hudson,56.71,Mastercard
2/7/2020,6:07 PM,14440,Herman,Saenz,44.06,Visa
3/31/2020,5:17 PM,30265,Emanuel,Gladtbach,20.65,PayPal
9/4/2019,3:50 PM,58610,Jaine,Currier,120.76,PayPal
2/6/2020,8:11 PM,62881,Vonni,Crease,40.57,PayPal
8/29/2019,10:50 AM,71751,Noah,Raw,62.11,PayPal
2/16/2020,10:47 PM,50973,Davina,Bunclark,48.01,Visa
7/14/2019,2:36 AM,44677,Arel,Beesey,168.78,PayPal
7/24/2019,1:27 PM,64181,Joseito,Blaydes,61.79,Mastercard
4/15/2020,11:38 PM,97284,Felice,Booij,92.13,iDeal
10/13/2019,4:26 AM,15967,Devonne,Nollet,87.71,iDeal
2/21/2020,6:35 PM,80532,Judie,De Ambrosis,36.89,Visa
9/27/2019,6:30 PM,85918,Neill,Goane,5.82,Visa
5/30/2019,4:46 PM,27062,Mikaela,Jobb,96.56,Visa
2/29/2020,1:57 PM,88587,Phillipe,Swancott,67.66,PayPal
1/21/2020,11:03 AM,68567,Malinde,Burgott,198.4,Visa
5/28/2019,1:39 PM,39099,Marcelle,Rushe,131.0,Visa
3/9/2020,8:37 PM,17804,Tremain,Canti,72.03,Mastercard
4/12/2020,3:01 PM,69018,Carma,Atcock,105.41,iDeal
8/19/2019,11:06 PM,17304,Iona,Candelin,98.76,Mastercard
1/10/2020,9:00 PM,77818,Artemis,Ferney,53.8,PayPal
8/15/2019,7:58 AM,91125,Bride,Axelby,63.31,Visa
7/22/2019,12:40 AM,16707,Brittaney,Izaac,126.33,Mastercard
1/28/2020,6:26 PM,92527,Eugen,Naldrett,,
8/12/2019,9:54 AM,54021,Tomi,Mochan,31.39,Mastercard
5/27/2019,8:14 AM,24007,Myron,Lyven,41.53,Mastercard
9/5/2019,5:15 PM,49685,Adi,Nightingale,72.78,Visa
5/10/2019,3:49 AM,22405,Loree,Philippsohn,22.4,Mastercard
4/17/2020,10:26 AM,80303,Barrett,Bailes,118.85,PayPal
9/28/2019,5:45 PM,89572,Jessamyn,Whithalgh,,
8/9/2019,12:14 PM,44429,Bambi,Francais,176.36,Visa
8/3/2019,7:23 AM,29896,Sonny,Maddams,188.69,iDeal
2/24/2020,7:11 PM,63868,Dode,Zoppo,199.08,Mastercard
1/24/2020,12:33 PM,81147,Augustus,Sich,169.29,Visa
9/17/2019,12:38 PM,79208,Quinlan,Maude,5.35,iDeal
7/28/2019,4:03 PM,57024,Freida,Mixture,19.1,iDeal
3/24/2020,8:36 AM,35709,Sonni,Zannuto,29.8,Mastercard
7/4/2019,6:56 AM,75764,Brunhilda,Mouland,98.24,Visa
10/12/2019,5:30 AM,49414,Brant,Jahncke,178.96,Mastercard
9/21/2019,4:31 AM,53946,Hadleigh,Barehead,97.54,PayPal
5/24/2019,9:34 AM,11050,Wade,Order,85.49,PayPal
3/29/2020,1:21 AM,76936,Othello,Filyakov,99.28,iDeal
5/3/2020,9:51 AM,39314,Kass,Riep,70.74,Visa
3/29/2020,5:54 AM,88798,Bridie,McClements,36.2,PayPal
6/25/2019,8:53 PM,27633,Rennie,Brugh,64.67,Mastercard
4/16/2020,6:09 PM,91022,Laurens,Pennycuick,118.06,iDeal
6/23/2019,7:22 AM,88149,Dasie,Taudevin,22.99,iDeal
6/30/2019,9:22 PM,28289,Joleen,Deerness,103.92,Mastercard
12/10/2019,5:40 AM,62293,Aluin,Irnis,65.11,PayPal
12/25/2019,12:35 AM,32766,Viv,Croall,124.7,Mastercard
3/24/2020,7:55 PM,95918,Timmie,Blonden,196.56,Mastercard
8/31/2019,8:28 AM,75961,Agosto,Venediktov,169.74,PayPal
6/16/2019,4:38 PM,25022,Josephina,Krale,113.91,Visa
10/23/2019,10:40 AM,83135,Barbaraanne,Pappi,21.12,iDeal
11/12/2019,2:31 AM,34466,Raynell,Fayerman,34.95,Mastercard
5/10/2019,4:28 AM,23541,Elmer,Janaszewski,56.95,PayPal
9/2/2019,7:59 PM,98657,Iver,Fevers,126.81,Visa
10/29/2019,10:56 PM,31494,Jannelle,Ludwig,67.09,iDeal
2/14/2020,10:06 PM,59620,Gena,Klazenga,114.98,Mastercard
6/8/2019,10:18 PM,73104,Granny,Crowdace,95.65,Mastercard
11/4/2019,8:10 AM,46152,Ogdan,Colpus,161.0,Mastercard
9/1/2019,10:37 PM,82650,Tremain,Bolley,59.28,PayPal
10/13/2019,7:30 PM,82048,Dagmar,Gavrielly,67.33,PayPal
5/4/2020,9:36 AM,53654,Uta,Schinetti,60.27,Mastercard
10/28/2019,10:27 AM,53884,Erhart,McNickle,26.79,iDeal
1/25/2020,7:21 PM,94175,Pippa,Goundsy,104.6,Mastercard
7/14/2019,6:29 PM,11960,Hilliard,Gwillim,72.61,iDeal
8/24/2019,10:03 PM,72569,Chloris,MacMorland,151.89,iDeal
5/18/2019,1:31 PM,51989,Lexis,Tootin,5.6,iDeal
8/17/2019,3:29 PM,67241,Bobbi,Beeck,151.02,Mastercard
9/27/2019,5:41 PM,45203,Peta,Domb,152.16,iDeal
5/19/2019,12:26 AM,62007,Madge,McIntee,84.66,PayPal
8/4/2019,4:13 PM,68990,Cathryn,Beange,88.81,PayPal
12/16/2019,8:37 PM,84205,Reiko,Soles,185.9,PayPal
4/1/2020,10:37 AM,39345,Glendon,Dinsey,198.65,Visa
5/12/2019,3:57 AM,31632,Hayley,Alexandre,68.25,Mastercard
10/28/2019,2:57 PM,48569,Shandeigh,Merton,116.2,Mastercard
11/12/2019,2:12 PM,33354,Hube,Krikorian,107.96,Mastercard
9/3/2019,9:17 AM,41249,Arnold,McClenaghan,172.73,Mastercard
3/12/2020,4:16 PM,72719,Corabelle,Ferby,10.99,iDeal
8/2/2019,8:32 PM,38076,Terrijo,Marsy,137.32,iDeal
3/17/2020,1:30 PM,37668,Gweneth,Mayworth,52.91,PayPal
8/28/2019,3:39 PM,93535,Tan,Stinson,127.29,Visa
11/8/2019,11:58 AM,35821,Karole,Ghent,3.68,Visa
4/7/2020,1:16 PM,58935,Darnell,Berens,30.01,Mastercard
11/8/2019,9:02 AM,50575,Devina,Tortice,109.84,Mastercard
6/7/2019,12:18 AM,42680,Woodman,Willcock,191.63,Visa
3/6/2020,1:07 AM,74561,Tobe,Kivlin,30.76,Visa
12/22/2019,12:47 AM,24959,Graeme,Cory,6.94,Visa
9/30/2019,4:33 AM,45499,Joya,Risborough,163.0,iDeal
4/12/2020,12:08 PM,87856,Bonni,Simek,38.61,PayPal
9/29/2019,9:37 PM,21870,Devland,Etty,195.4,iDeal
6/9/2019,6:31 PM,73640,Jacinta,Mines,26.29,PayPal
7/8/2019,1:36 AM,97772,Doll,Speare,35.29,PayPal
1/11/2020,7:10 PM,55808,Colleen,Heaford,109.14,PayPal
8/4/2019,12:41 PM,46932,Janek,Ludovico,158.51,iDeal
5/10/2019,5:28 PM,26782,Esdras,Longhorn,136.04,Visa
11/14/2019,5:20 PM,79473,Inger,Slayford,197.94,PayPal
4/11/2020,5:49 PM,17536,Atalanta,Ogborn,198.65,Mastercard
5/1/2020,1:49 PM,26146,Colver,Larvor,133.46,Visa
3/19/2020,12:20 PM,20722,Anetta,Widocks,35.69,Mastercard
1/28/2020,10:18 PM,15867,Letta,Seabrooke,156.65,iDeal
2/17/2020,1:33 AM,72724,Melanie,Rennolds,21.92,Visa
12/7/2019,12:38 AM,52529,Knox,Rotte,146.25,iDeal
8/12/2019,8:50 AM,42524,Ileane,Drews,77.06,PayPal
11/9/2019,8:59 AM,54320,Viviene,Keoghane,58.39,PayPal
9/21/2019,6:33 PM,54306,Rey,Eannetta,188.55,iDeal
9/11/2019,9:29 PM,35671,Rinaldo,Reddel,83.79,PayPal
1/23/2020,10:31 PM,66387,Dukie,Griffin,192.42,Visa
12/3/2019,8:32 AM,41724,Nicolas,Humpherson,63.39,Visa
3/10/2020,3:44 PM,75761,Clarance,Hurdiss,58.85,Mastercard
10/3/2019,7:06 AM,20905,Alta,Stopps,168.65,Visa
4/10/2020,6:45 PM,80980,Patrizio,Cossam,55.72,PayPal
3/1/2020,6:31 AM,55925,Griffie,McClosh,24.99,iDeal
8/17/2019,7:56 PM,42890,Cordy,McParlin,134.12,Mastercard
10/25/2019,4:10 AM,62426,Terry,Bisco,112.26,iDeal
11/30/2019,6:17 AM,49064,Shem,Wintringham,115.15,iDeal
6/1/2019,12:12 AM,67851,Nikolaos,Shergold,195.68,PayPal
9/20/2019,6:25 AM,32416,Roxy,Eccleshare,164.82,Mastercard
4/25/2020,8:22 AM,34232,Locke,Edmands,170.07,PayPal
10/3/2019,11:14 PM,64920,Torrin,Paragreen,134.82,Visa
2/8/2020,3:35 PM,63910,Vivianna,Sandercock,,
9/15/2019,2:18 PM,86067,Malina,Folbigg,96.13,iDeal
1/25/2020,9:26 PM,28179,Emelita,Isles,126.25,Visa
4/24/2020,8:51 PM,60777,Pascale,MacPherson,,
7/11/2019,8:42 AM,58716,Celestia,Piaggia,118.48,Mastercard
12/21/2019,6:51 PM,79340,Richard,Fynes,33.83,iDeal
11/1/2019,10:42 AM,13500,Merv,Gerrie,2.8,Visa
10/9/2019,8:54 PM,94208,Luigi,Rothera,155.32,PayPal
5/6/2020,2:47 AM,67351,Kip,Presshaugh,199.08,iDeal
4/6/2020,9:01 AM,20837,Amby,Rimbault,12.73,iDeal
7/28/2019,6:18 AM,48617,Bailie,Presland,26.47,Visa
4/18/2020,7:17 PM,71687,Wilow,Cottisford,23.53,Mastercard
12/3/2019,5:53 AM,93828,Mabel,Sibthorpe,135.44,iDeal
4/21/2020,1:13 PM,42462,Winnie,Tresise,191.34,Visa
10/22/2019,2:48 AM,95814,Lenette,Kneale,56.35,Mastercard
8/26/2019,2:31 AM,15549,Inness,Eden,155.58,Mastercard
11/22/2019,3:38 PM,71667,Doreen,Harwell,67.05,iDeal
8/1/2019,4:31 AM,38858,Lynea,Dominguez,42.03,iDeal
3/10/2020,4:39 PM,52647,Ashlee,Martijn,157.01,PayPal
6/8/2019,10:00 PM,71970,Dominik,Fitzgerald,163.34,Visa
10/4/2019,10:43 PM,74663,Shel,Carrington,21.17,PayPal
10/13/2019,8:53 AM,39524,Joni,Foottit,140.35,PayPal
4/14/2020,11:40 PM,87243,Juieta,Ceschini,124.97,Mastercard
10/9/2019,4:33 AM,56017,Abbot,Cucuzza,178.32,Visa
8/29/2019,12:39 AM,38787,Vidovic,Jado,46.87,PayPal
2/16/2020,9:40 PM,54115,Marianne,Baird,122.7,Mastercard
6/26/2019,8:15 PM,95339,Jakie,Lupton,3.88,PayPal
3/17/2020,1:00 PM,74186,Lazaro,Skayman,57.0,Mastercard
10/5/2019,9:14 PM,37039,Geoff,Huby,33.09,PayPal
2/24/2020,4:44 PM,19439,Fabiano,Radmore,143.66,iDeal
10/13/2019,7:08 AM,15639,Cinda,Pymar,78.12,iDeal
2/24/2020,12:39 PM,42631,Hunter,Southcoat,25.67,PayPal
8/15/2019,10:26 AM,90649,Darleen,Smithson,162.69,Visa
5/22/2019,5:58 AM,32647,Alwin,Duckit,127.64,Visa
1/19/2020,2:37 AM,76664,Dana,Samworth,95.36,Visa
1/8/2020,5:46 AM,25421,Blondie,Speak,6.75,PayPal
5/25/2019,1:29 PM,24137,Jasmin,Gullam,,
2/17/2020,4:06 PM,51820,Farley,Verdey,82.86,PayPal
2/1/2020,8:49 PM,44916,Waverly,McGinlay,67.43,PayPal
9/7/2019,3:10 PM,52878,Vinson,Currom,42.07,Mastercard
10/2/2019,8:20 PM,84155,Lefty,Paolinelli,186.47,PayPal
5/29/2019,6:38 AM,82245,Hewe,Cleaveland,103.54,Visa
8/4/2019,1:00 PM,91688,Norma,Askie,144.71,PayPal
3/20/2020,4:47 AM,14588,Rebekkah,Thackray,88.42,PayPal
11/29/2019,7:48 AM,84873,Norton,Maling,87.13,Visa
11/2/2019,10:29 PM,17151,Harvey,Antognoni,193.53,Mastercard
11/17/2019,11:25 PM,14348,Serge,Whight,115.95,PayPal
6/30/2019,5:28 PM,46015,Cort,Swatridge,156.7,Mastercard
4/30/2020,7:52 PM,47031,Vivien,Gascone,89.42,Mastercard
10/2/2019,8:50 AM,29430,Fairleigh,Haitlie,120.42,Mastercard
12/17/2019,5:03 PM,59386,Ladonna,Barti,81.28,Mastercard
6/7/2019,6:13 PM,60776,Worthington,Alben,83.83,PayPal
3/19/2020,8:09 AM,61294,Trip,Hele,164.32,iDeal
4/26/2020,11:49 AM,80463,Galen,Loughlin,152.87,Mastercard
1/29/2020,8:41 AM,45582,Flossie,Theunissen,198.46,Mastercard
11/17/2019,8:21 PM,56518,Barbabas,Sharper,87.41,Visa
8/8/2019,8:16 PM,32399,Ogden,Roocroft,116.22,Mastercard
10/6/2019,6:40 AM,13429,Feodor,Menault,125.16,Mastercard
9/11/2019,3:14 PM,18677,Goddard,D'Onise,33.04,Visa
10/30/2019,3:26 PM,26570,Paola,Iredale,112.93,Visa
4/28/2020,11:10 AM,45263,Shalna,Aubry,53.28,PayPal
7/12/2019,11:20 AM,92147,Miller,Hasloch,193.6,Visa
7/27/2019,8:41 PM,77654,Wally,Giacopini,59.1,PayPal
2/8/2020,7:25 AM,50113,Marcus,Attaway,21.59,PayPal
9/9/2019,4:52 AM,18738,Pierce,Craddock,64.6,Mastercard
5/11/2019,4:09 AM,79994,Cly,Yakuntzov,145.08,iDeal
1/4/2020,5:16 AM,53085,Ailene,Hatrick,4.85,Visa
6/15/2019,5:00 PM,58720,Wilhelmine,Tregear,82.5,PayPal
11/16/2019,11:49 PM,43792,Dev,Pettecrew,86.25,Mastercard
10/14/2019,5:41 PM,69628,Levy,Crookall,83.12,Mastercard
1/30/2020,9:03 PM,74033,Selina,Franzonetti,12.73,Mastercard
12/12/2019,3:06 PM,97495,Odelle,Benfield,176.29,Visa
5/3/2020,11:27 PM,89001,Edeline,Rounds,50.87,iDeal
6/23/2019,2:15 PM,48665,Ava,Jedraszczyk,165.96,Mastercard
12/25/2019,5:32 PM,90948,Cyrus,Nisby,102.11,Mastercard
2/26/2020,2:41 AM,95903,Collie,Rihosek,65.3,PayPal
11/14/2019,2:00 PM,11309,Wittie,Brodnecke,83.42,iDeal
9/4/2019,7:24 PM,41150,Barnett,Henzley,54.73,PayPal
6/16/2019,10:03 PM,20020,Mattheus,Rentoul,110.72,iDeal
11/28/2019,7:52 AM,31575,Euell,Le Borgne,122.94,PayPal
3/31/2020,9:24 PM,51407,Twila,Hartop,155.62,PayPal
6/24/2019,10:57 PM,52431,Cyndie,Strathern,119.82,PayPal
4/9/2020,10:50 AM,98539,Dorrie,Davidovicz,37.72,PayPal
3/15/2020,10:41 PM,87355,Lauritz,Chatteris,84.82,Visa
9/19/2019,10:01 PM,97995,Elyn,Spurman,52.43,PayPal
12/21/2019,12:09 PM,25444,Louisa,MacTimpany,85.39,Visa
1/28/2020,12:41 AM,97911,Barth,Foxton,36.33,PayPal
8/6/2019,10:22 PM,65948,Rubia,Gatch,25.59,iDeal
12/5/2019,6:44 PM,27934,Everett,Kertess,111.74,Mastercard
8/15/2019,11:17 PM,52873,Ely,Tuffell,166.77,iDeal
4/15/2020,10:48 PM,92237,Sasha,Chaytor,15.54,iDeal
12/20/2019,8:44 PM,38317,Hedy,Rotlauf,35.25,Mastercard
5/28/2019,5:56 AM,54329,Callean,Topley,72.05,Mastercard
11/5/2019,6:24 AM,49532,Becky,Kondratowicz,98.33,PayPal
2/19/2020,1:40 AM,48190,Marius,Langlois,48.31,Visa
3/22/2020,6:06 AM,88380,Becki,Mead,195.52,PayPal
1/9/2020,5:10 PM,10386,Eartha,Swain,,
9/3/2019,3:12 PM,35128,Bette,Tindle,139.13,Mastercard
10/10/2019,2:01 PM,93148,Korey,Grandham,133.89,PayPal
11/21/2019,3:28 AM,84326,Elspeth,Dore,158.97,Mastercard
12/19/2019,4:16 PM,22836,Karee,Farris,192.44,PayPal
12/9/2019,3:41 AM,83479,Keen,Tinson,194.76,PayPal
11/3/2019,2:33 AM,93910,Timothea,Spohr,19.45,Visa
8/28/2019,3:17 PM,27465,Marie-ann,Odcroft,52.82,iDeal
1/26/2020,5:44 AM,55603,Morton,Lillywhite,148.18,PayPal
6/1/2019,7:58 PM,32463,Florian,Monkleigh,88.92,iDeal
3/15/2020,4:36 PM,37877,Giraldo,Perche,144.71,Mastercard
3/12/2020,8:47 PM,80461,Joete,Newick,119.44,Visa
8/3/2019,9:23 PM,83359,Tove,Kean,4.96,PayPal
5/3/2020,11:39 PM,63840,Hastie,Maund,105.58,Visa
1/3/2020,2:49 PM,87872,Gilemette,Abberley,77.81,Mastercard
5/16/2019,2:04 AM,30873,Kyle,Falla,68.91,Visa
8/25/2019,3:00 AM,14521,Dode,Whorton,68.74,Mastercard
8/18/2019,3:30 PM,93330,Aimee,Gemelli,167.57,Visa
6/10/2019,10:43 AM,59449,Worthington,Hazell,86.33,Mastercard
7/7/2019,7:27 AM,37731,Mignon,Milberry,30.57,Mastercard
3/2/2020,1:01 AM,81468,Stern,Klessmann,13.9,Visa
11/19/2019,4:47 AM,32803,Brant,Royce,67.87,PayPal
9/2/2019,7:15 PM,71397,Jinny,Gonneau,176.6,Mastercard
1/6/2020,1:29 AM,66611,Casper,Sheals,5.32,iDeal
1/13/2020,6:31 PM,32946,Filberte,Filyukov,183.96,PayPal
8/31/2019,11:37 PM,70939,Ancell,Duckfield,172.01,Mastercard
8/14/2019,9:04 PM,71634,Edee,Burnage,162.14,PayPal
3/22/2020,1:45 PM,73956,Ambrosi,Thomkins,,
6/10/2019,2:09 AM,51766,Shani,Coy,189.91,Visa
3/22/2020,10:31 AM,17929,Kylen,Boleyn,172.57,Mastercard
6/27/2019,8:11 PM,33459,Emory,Liebermann,98.79,Mastercard
3/4/2020,5:41 PM,18159,Jacky,Van Zon,103.66,PayPal
4/27/2020,7:22 AM,97628,Dell,Zanicchelli,163.01,Visa
4/21/2020,11:05 AM,80623,Dallas,Eakle,129.34,Visa
12/22/2019,5:13 AM,53858,Clarissa,Ragborne,56.11,PayPal
11/15/2019,12:40 PM,37639,Bartolemo,Jecks,140.59,iDeal
12/14/2019,1:14 PM,38164,Charin,Adran,1.14,iDeal
5/20/2019,4:29 PM,77133,Adore,Currum,15.9,PayPal
7/5/2019,1:56 PM,57201,Gwenni,Murton,130.66,iDeal
6/24/2019,6:31 AM,14482,Margeaux,Southworth,105.17,iDeal
2/11/2020,3:32 PM,37316,Arne,Braunthal,162.43,PayPal
5/2/2020,12:11 AM,77523,Marjy,Corradeschi,102.8,iDeal
8/21/2019,4:54 PM,51921,Arvie,Gerber,113.97,PayPal
9/20/2019,7:16 PM,49571,Keene,Woolstenholmes,131.93,Mastercard
8/28/2019,12:32 PM,53832,Evelina,Grenfell,104.16,Visa
